[
  {
    "id": "1cfb3f45-280b-41ec-b14f-d4cd7da8a52a",
    "data": [
      {
        "text": "hi",
        "alias": "language",
        "meta": "@sys.language",
        "userDefined": false
      }
    ],
    "isTemplate": false,
    "count": 0,
    "updated": 0
  },
  {
    "id": "eb495a60-e8ba-4d14-a1dc-f797142419d6",
    "data": [
      {
        "text": "你好",
        "userDefined": false
      }
    ],
    "isTemplate": false,
    "count": 0,
    "updated": 0
  },
  {
    "id": "48308072-7baa-412e-aaf8-d7be64f15582",
    "data": [
      {
        "text": "喂",
        "userDefined": false
      }
    ],
    "isTemplate": false,
    "count": 0,
    "updated": 0
  },
  {
    "id": "805329ce-a115-4599-80cf-5e10cafa91f4",
    "data": [
      {
        "text": "嗨",
        "userDefined": false
      }
    ],
    "isTemplate": false,
    "count": 0,
    "updated": 0
  },
  {
    "id": "86645f38-94f7-4927-90d7-a7fb9345e541",
    "data": [
      {
        "text": "哈啰",
        "userDefined": false
      }
    ],
    "isTemplate": false,
    "count": 0,
    "updated": 0
  },
  {
    "id": "04c9303a-d6d6-40bc-874a-ef4afc7aa41d",
    "data": [
      {
        "text": "嘿",
        "userDefined": false
      }
    ],
    "isTemplate": false,
    "count": 0,
    "updated": 0
  },
  {
    "id": "2677e9d0-d749-44ef-abac-d6a190e2552d",
    "data": [
      {
        "text": "嗨 你好",
        "userDefined": false
      }
    ],
    "isTemplate": false,
    "count": 0,
    "updated": 0
  },
  {
    "id": "1f368083-a634-49af-b026-becd10b347c0",
    "data": [
      {
        "text": "嗨寶貝",
        "userDefined": false
      }
    ],
    "isTemplate": false,
    "count": 0,
    "updated": 0
  },
  {
    "id": "adc65f6a-6853-48a5-90cb-07428bc774f6",
    "data": [
      {
        "text": "嗨蜜糖",
        "userDefined": false
      }
    ],
    "isTemplate": false,
    "count": 0,
    "updated": 0
  },
  {
    "id": "90f5fe12-3615-4a79-a7e6-474dfa70f5b7",
    "data": [
      {
        "text": "嗨美女",
        "userDefined": false
      }
    ],
    "isTemplate": false,
    "count": 0,
    "updated": 0
  },
  {
    "id": "1069ea67-bee0-48f8-9d3f-da378f5ec73c",
    "data": [
      {
        "text": "嗨甜心",
        "userDefined": false
      }
    ],
    "isTemplate": false,
    "count": 0,
    "updated": 0
  },
  {
    "id": "e12a5da1-7260-41f0-b9fa-a193da553fe1",
    "data": [
      {
        "text": "嗨飛飛",
        "userDefined": false
      }
    ],
    "isTemplate": false,
    "count": 0,
    "updated": 0
  },
  {
    "id": "a4952f97-1b8f-4c62-838e-f12ca27e1ce2",
    "data": [
      {
        "text": "嗨老婆",
        "userDefined": false
      }
    ],
    "isTemplate": false,
    "count": 0,
    "updated": 0
  },
  {
    "id": "bd8bdab2-15ec-4888-8e6e-f739b1cbf8a2",
    "data": [
      {
        "text": "嗨愛人",
        "userDefined": false
      }
    ],
    "isTemplate": false,
    "count": 0,
    "updated": 0
  },
  {
    "id": "e6118b94-0d19-441b-b434-f671aca787b3",
    "data": [
      {
        "text": "嗨可愛的",
        "userDefined": false
      }
    ],
    "isTemplate": false,
    "count": 0,
    "updated": 0
  },
  {
    "id": "f517dd39-f3ad-4956-b9a6-63db149d6748",
    "data": [
      {
        "text": "嗨 親愛的",
        "userDefined": false
      }
    ],
    "isTemplate": false,
    "count": 0,
    "updated": 0
  },
  {
    "id": "2224c1be-8dd9-4fbf-9146-9820d2af6723",
    "data": [
      {
        "text": "嗨你好朋友",
        "userDefined": false
      }
    ],
    "isTemplate": false,
    "count": 0,
    "updated": 0
  },
  {
    "id": "1d915c66-19bc-478c-b3e3-283e0a9f5bd2",
    "data": [
      {
        "text": "哈啰老婆",
        "userDefined": false
      }
    ],
    "isTemplate": false,
    "count": 0,
    "updated": 0
  },
  {
    "id": "7a44e0eb-fd1e-42bc-b908-de0ce9ee1d85",
    "data": [
      {
        "text": "哈啰飛飛",
        "userDefined": false
      }
    ],
    "isTemplate": false,
    "count": 0,
    "updated": 0
  },
  {
    "id": "14ef4937-fdfa-4778-bfeb-87169da84165",
    "data": [
      {
        "text": "哈啰寶貝",
        "userDefined": false
      }
    ],
    "isTemplate": false,
    "count": 0,
    "updated": 0
  },
  {
    "id": "8948e989-7f6e-4641-b13a-a5417e287880",
    "data": [
      {
        "text": "哈啰美女",
        "userDefined": false
      }
    ],
    "isTemplate": false,
    "count": 0,
    "updated": 0
  },
  {
    "id": "dd515432-6824-4f5c-82f9-8dd89d08d30e",
    "data": [
      {
        "text": "哈啰甜心",
        "userDefined": false
      }
    ],
    "isTemplate": false,
    "count": 0,
    "updated": 0
  },
  {
    "id": "374eb053-9150-434c-aeb8-8b20c4c813c0",
    "data": [
      {
        "text": "哈啰朋友",
        "userDefined": false
      }
    ],
    "isTemplate": false,
    "count": 0,
    "updated": 0
  },
  {
    "id": "12d18d2c-8c91-44bb-bed4-0b2042fbc008",
    "data": [
      {
        "text": "哈啰你好",
        "userDefined": false
      }
    ],
    "isTemplate": false,
    "count": 0,
    "updated": 0
  },
  {
    "id": "8a1136f0-1bc2-4437-9399-f4582f4c92ca",
    "data": [
      {
        "text": "哈啰我親愛的",
        "userDefined": false
      }
    ],
    "isTemplate": false,
    "count": 0,
    "updated": 0
  },
  {
    "id": "ada1626b-d8b0-4cc7-a031-fbd7761c9ad2",
    "data": [
      {
        "text": "嘿 你好",
        "userDefined": false
      }
    ],
    "isTemplate": false,
    "count": 0,
    "updated": 0
  },
  {
    "id": "fab7dd48-ea4d-4a1a-8505-ed2fe9e8d1c2",
    "data": [
      {
        "text": "嘿老婆",
        "userDefined": false
      }
    ],
    "isTemplate": false,
    "count": 0,
    "updated": 0
  },
  {
    "id": "bbca8923-dee0-4d52-89ff-786e01fb9d63",
    "data": [
      {
        "text": "嘿飛飛",
        "userDefined": false
      }
    ],
    "isTemplate": false,
    "count": 0,
    "updated": 0
  },
  {
    "id": "1ddfb30d-a049-47c4-b531-493bcd41bef6",
    "data": [
      {
        "text": "嘿美女",
        "userDefined": false
      }
    ],
    "isTemplate": false,
    "count": 0,
    "updated": 0
  },
  {
    "id": "bdcab504-088d-4b62-8bc1-e388a7d16007",
    "data": [
      {
        "text": "嘿夥伴",
        "userDefined": false
      }
    ],
    "isTemplate": false,
    "count": 0,
    "updated": 0
  },
  {
    "id": "7eb8795b-b5a0-4be3-990e-49d4128cc911",
    "data": [
      {
        "text": "嘿女孩",
        "userDefined": false
      }
    ],
    "isTemplate": false,
    "count": 0,
    "updated": 0
  },
  {
    "id": "53e80b8c-4ebd-4d0e-9e52-2ef524ff6b1f",
    "data": [
      {
        "text": "嘿助手",
        "userDefined": false
      }
    ],
    "isTemplate": false,
    "count": 0,
    "updated": 0
  },
  {
    "id": "26ac3284-f4f1-4e7d-af51-e11fb4087e6a",
    "data": [
      {
        "text": "嘿可愛的",
        "userDefined": false
      }
    ],
    "isTemplate": false,
    "count": 0,
    "updated": 0
  },
  {
    "id": "87647078-a98b-48fa-8304-610e075ce8d9",
    "data": [
      {
        "text": "只想給你打個招呼",
        "userDefined": false
      }
    ],
    "isTemplate": false,
    "count": 0,
    "updated": 0
  },
  {
    "id": "70a70c48-3a68-4ec9-bfba-18f265673e8f",
    "data": [
      {
        "text": "美好的一天對吧",
        "userDefined": false
      }
    ],
    "isTemplate": false,
    "count": 0,
    "updated": 0
  },
  {
    "id": "877a9984-5b43-4ade-aa28-ecf03afda612",
    "data": [
      {
        "text": "再一次問好",
        "userDefined": false
      }
    ],
    "isTemplate": false,
    "count": 0,
    "updated": 0
  },
  {
    "id": "ac74c460-0494-42b4-9002-bf1b9c8ab889",
    "data": [
      {
        "text": "好久不見",
        "userDefined": false
      }
    ],
    "isTemplate": false,
    "count": 0,
    "updated": 0
  },
  {
    "id": "47ca7dd5-4743-413b-94a5-bcb1095b1604",
    "data": [
      {
        "text": "哈喽",
        "userDefined": false
      }
    ],
    "isTemplate": false,
    "count": 0,
    "updated": 0
  },
  {
    "id": "00c63cf8-7a72-49b3-82ab-5c0097562f9e",
    "data": [
      {
        "text": "你好啊",
        "userDefined": false
      }
    ],
    "isTemplate": false,
    "count": 0,
    "updated": 0
  },
  {
    "id": "bd260b68-b3ef-466d-827d-c4207d695cdb",
    "data": [
      {
        "text": "嘿嘿",
        "userDefined": false
      }
    ],
    "isTemplate": false,
    "count": 0,
    "updated": 0
  }
]